<?xml version="1.0" encoding="UTF-8" standalone="yes"?>
<OfficeApp xmlns="http://schemas.microsoft.com/office/appforoffice/1.1" 
  xmlns:xsi="http://www.w3.org/2001/XMLSchema-instance" 
  xmlns:bt="http://schemas.microsoft.com/office/officeappbasictypes/1.0" 
  xmlns:ov="http://schemas.microsoft.com/office/taskpaneappversionoverrides" 
  xsi:type="TaskPaneApp">
  <Id>a1b2c3d4-e5f6-7890-abcd-ef1234567890</Id>
  <Version>1.0.0.0</Version>
  <ProviderName>Word AI Add-in</ProviderName>
  <DefaultLocale>en-US</DefaultLocale>
  <DisplayName DefaultValue="Word AI Assistant"/>
  <Description DefaultValue="Edit your Word document with AI. Chat with the AI and watch it make edits in real-time."/>
  <IconUrl DefaultValue="http://localhost:3000/assets/icon-32.png"/>
  <HighResolutionIconUrl DefaultValue="http://localhost:3000/assets/icon-80.png"/>
  <SupportUrl DefaultValue="https://github.com"/>
  <AppDomains>
    <AppDomain>https://api.openai.com</AppDomain>
  </AppDomains>
  <Hosts>
    <Host Name="Document"/>
  </Hosts>
  <DefaultSettings>
    <SourceLocation DefaultValue="http://localhost:3000/taskpane.html"/>
  </DefaultSettings>
  <Permissions>ReadWriteDocument</Permissions>
  <VersionOverrides xmlns="http://schemas.microsoft.com/office/taskpaneappversionoverrides" xsi:type="VersionOverridesV1_0">
    <Hosts>
      <Host xsi:type="Document">
        <DesktopFormFactor>
          <GetStarted>
            <Title resid="GetStartedTitle"/>
            <Description resid="GetStartedDescription"/>
          </GetStarted>
          <FunctionFile resid="Commands.Url"/>
          <ExtensionPoint xsi:type="PrimaryCommandSurface">
            <OfficeTab id="TabHome">
              <Group id="WordAIGroup">
                <Label resid="GroupLabel"/>
                <Icon>
                  <bt:Image size="16" resid="Icon.16x16"/>
                  <bt:Image size="32" resid="Icon.32x32"/>
                  <bt:Image size="80" resid="Icon.80x80"/>
                </Icon>
                <Control xsi:type="Button" id="TaskpaneButton">
                  <Label resid="TaskpaneButtonLabel"/>
                  <Supertip>
                    <Title resid="TaskpaneButtonLabel"/>
                    <Description resid="TaskpaneButtonTooltip"/>
                  </Supertip>
                  <Icon>
                    <bt:Image size="16" resid="Icon.16x16"/>
                    <bt:Image size="32" resid="Icon.32x32"/>
                    <bt:Image size="80" resid="Icon.80x80"/>
                  </Icon>
                  <Action xsi:type="ShowTaskpane">
                    <TaskpaneId>WordAITaskpane</TaskpaneId>
                    <SourceLocation resid="Taskpane.Url"/>
                  </Action>
                </Control>
              </Group>
            </OfficeTab>
          </ExtensionPoint>
        </DesktopFormFactor>
      </Host>
    </Hosts>
    <Resources>
      <bt:Images>
        <bt:Image id="Icon.16x16" DefaultValue="http://localhost:3000/assets/icon-16.png"/>
        <bt:Image id="Icon.32x32" DefaultValue="http://localhost:3000/assets/icon-32.png"/>
        <bt:Image id="Icon.80x80" DefaultValue="http://localhost:3000/assets/icon-80.png"/>
      </bt:Images>
      <bt:Urls>
        <bt:Url id="GetStartedTitle" DefaultValue="http://localhost:3000/taskpane.html"/>
        <bt:Url id="GetStartedDescription" DefaultValue="http://localhost:3000/taskpane.html"/>
        <bt:Url id="Commands.Url" DefaultValue="http://localhost:3000/commands.html"/>
        <bt:Url id="Taskpane.Url" DefaultValue="http://localhost:3000/taskpane.html"/>
      </bt:Urls>
      <bt:ShortStrings>
        <bt:String id="GroupLabel" DefaultValue="Word AI"/>
        <bt:String id="TaskpaneButtonLabel" DefaultValue="AI Assistant"/>
        <bt:String id="TaskpaneButtonTooltip" DefaultValue="Open AI chat to edit your document"/>
      </bt:ShortStrings>
    </Resources>
  </VersionOverrides>
</OfficeApp>
